name,total_words,distinct_words,alpha,C
dracula,163710,10903,1.0879214646246596,6.93490820969376
frankenstein,80940,7845,1.1177049919451667,6.124960667070677
jane_eyre,188435,17776,0.9734432164861462,11.750121508451848
sarob,3881,2340,0.4780868295643496,108.49424263137985
